Grant Type,Fiscal Year
Community Grant,2014
BOT Initiative,2014
Community Grant,2013
Community Grant,2013
Community Grant,2014
Community Grant,2013
BOT Initiative,2014
Community Grant,2013
BOT Initiative,2014
Community Grant,2014
Community Grant,2015
Community Grant,2013
Community Grant,2015
Community Grant,2013
Community Grant,2013
Community Grant,2013
Community Grant,2015
Community Grant,2015
Community Grant,2013
Community Grant,2015
Community Grant,2013
Community Grant,2013
Community Grant,2014
Community Grant,2014
Community Grant,2014
Community Grant,2015
Community Grant,2013
Community Grant,2015
Community Grant,2013
Community Grant,2013
Community Grant,2013
BOT Initiative,2015
Community Grant,2013
BOT Initiative,2013
Community Grant,2014
BOT Initiative,2015
BOT Initiative,2014
Community Grant,2013
Community Grant,2014
Community Grant,2013
BOT Initiative,2013
BOT Initiative,2014
Community Grant,2013
Community Grant,2015
Community Grant,2014
Community Grant,2015
Community Grant,2014
Community Grant,2014
Community Grant,2014
Community Grant,2015
Community Grant,2013
Community Grant,2014
Community Grant,2015
Community Grant,2013
Community Grant,2014
Community Grant,2013
Community Grant,2014
Community Grant,2014
Community Grant,2015
Community Grant,2015
Community Grant,2015
Community Grant,2013
Community Grant,2015
BOT Initiative,2013
Community Grant,2013
Community Grant,2013
Community Grant,2015
Community Grant,2015
Community Grant,2014
Community Grant,2014
Community Grant,2015
Community Grant,2013
Community Grant,2014
Community Grant,2013
Community Grant,2015
Community Grant,2015
BOT Initiative,2014
BOT Initiative,2014
Community Grant,2014
BOT Initiative,2014
Community Grant,2013
BOT Initiative,2013
BOT Initiative,2015
BOT Initiative,2013
BOT Initiative,2014
Community Grant,2013
Sponsorship,2013
Sponsorship,2013
Sponsorship,2013
Sponsorship,2013
Sponsorship,2015
Sponsorship,2013
Sponsorship,2014
Sponsorship,2014
Sponsorship,2013
Sponsorship,2014
Sponsorship,2015
Sponsorship,2013
Sponsorship,2013
Sponsorship,2014
Sponsorship,2015
Sponsorship,2013
Sponsorship,2014
Sponsorship,2015
Sponsorship,2015
Sponsorship,2014
Sponsorship,2014
Sponsorship,2015
Sponsorship,2013
Sponsorship,2013
Sponsorship,2014
Sponsorship,2014
Sponsorship,2014
Sponsorship,2015
Sponsorship,2015
Sponsorship,2015
Sponsorship,2014
Sponsorship,2015
Sponsorship,2015
Sponsorship,2013
Sponsorship,2013
Sponsorship,2013
Sponsorship,2014
Sponsorship,2014
Sponsorship,2015
BOT Initiative,2013
BOT Initiative,2014
BOT Initiative,2015
BOT Initiative,2015
Sponsorship,2013
BOT Initiative,2013
BOT Initiative,2014
Community Grant,2014
Sponsorship,2013
Sponsorship,2013
Sponsorship,2015
Sponsorship,2014
Sponsorship,2014
Sponsorship,2015
Sponsorship,2013
Sponsorship,2015
Sponsorship,2013
Sponsorship,2015
Sponsorship,2015
Sponsorship,2013
Sponsorship,2013
Sponsorship,2013
Sponsorship,2013
Sponsorship,2015
Sponsorship,2014
Sponsorship,2013
Sponsorship,2013
Sponsorship,2013
Sponsorship,2014
Sponsorship,2014
Sponsorship,2014
Sponsorship,2014
Sponsorship,2014
Sponsorship,2014
Sponsorship,2014
Sponsorship,2015
Sponsorship,2015
Sponsorship,2015
Sponsorship,2015
Sponsorship,2015
Sponsorship,2013
Sponsorship,2013
Sponsorship,2015
Sponsorship,2015
Sponsorship,2014
Sponsorship,2014
Sponsorship,2013
Sponsorship,2015
Sponsorship,2013
Sponsorship,2014
Sponsorship,2015
Sponsorship,2015
Sponsorship,2013
Sponsorship,2014
Sponsorship,2013
Sponsorship,2013
Sponsorship,2015
Sponsorship,2014
Sponsorship,2013
Community Grant,2013
Sponsorship,2014
BOT Initiative,2014
Sponsorship,2013
Sponsorship,2015
Sponsorship,2013
Sponsorship,2013
Sponsorship,2013
Sponsorship,2013
Sponsorship,2013
Sponsorship,2013
Sponsorship,2013
Sponsorship,2013
Sponsorship,2013
Sponsorship,2013
Sponsorship,2014
Sponsorship,2014
Sponsorship,2013
Sponsorship,2013
Sponsorship,2013
Sponsorship,2014
Sponsorship,2014
Sponsorship,2015
Sponsorship,2013
BOT Initiative,2014
Sponsorship,2013
Sponsorship,2014
Sponsorship,2014
Sponsorship,2014
Sponsorship,2015
Sponsorship,2014
Sponsorship,2014
Sponsorship,2014
Sponsorship,2014
Sponsorship,2015
Sponsorship,2013
Sponsorship,2013
Community Grant,2014
Community Grant,2015
Sponsorship,2013
Sponsorship,2013
Sponsorship,2014
Sponsorship,2013
Sponsorship,2015
Sponsorship,2014
Sponsorship,2014
Sponsorship,2014
Sponsorship,2015
Sponsorship,2013
Sponsorship,2013
Sponsorship,2015
Sponsorship,2013
Sponsorship,2013
Sponsorship,2015
Sponsorship,2013
Sponsorship,2015
Sponsorship,2015
Sponsorship,2013
Sponsorship,2013
Sponsorship,2014
Sponsorship,2015
Sponsorship,2013
Sponsorship,2014
Sponsorship,2013
BOT Initiative,2015
Sponsorship,2015
Sponsorship,2013
Sponsorship,2014
Sponsorship,2014
Sponsorship,2013
Sponsorship,2015
Sponsorship,2015
Sponsorship,2013
Sponsorship,2013
BOT Initiative,2014
Sponsorship,2013
Sponsorship,2013
Sponsorship,2013
Sponsorship,2014
Sponsorship,2013
Sponsorship,2014
Sponsorship,2013
Sponsorship,2014
Sponsorship,2014
Sponsorship,2013
Sponsorship,2014
Sponsorship,2015
Sponsorship,2015
Sponsorship,2015
Sponsorship,2015
Sponsorship,2013
Sponsorship,2014
Sponsorship,2015
Sponsorship,2013
Sponsorship,2013
Sponsorship,2013
Sponsorship,2015
Sponsorship,2013
Sponsorship,2015
Sponsorship,2015
BOT Initiative,2014
Sponsorship,2013
Sponsorship,2013
Sponsorship,2013
Sponsorship,2013
Sponsorship,2014
Sponsorship,2014
Sponsorship,2014
Sponsorship,2014
Sponsorship,2014
Sponsorship,2015
Sponsorship,2015
Sponsorship,2015
Sponsorship,2014
Sponsorship,2014
Sponsorship,2015
Sponsorship,2015
Sponsorship,2013
Sponsorship,2013
Sponsorship,2014
Sponsorship,2013
Sponsorship,2013
Sponsorship,2014
Sponsorship,2015
Community Grant,2015
Community Grant,2014
Community Grant,2014
Community Grant,2015
Sponsorship,2014
Sponsorship,2013
Sponsorship,2013
Ahahui,2013
BOT Initiative,2013
Ahahui,2013
Ahahui,2015
Ahahui,2013
Ahahui,2014
Ahahui,2015
BOT Initiative,2013
Ahahui,2013
Ahahui,2013
Ahahui,2014
Ahahui,2015
Ahahui,2015
Ahahui,2014
Ahahui,2015
Ahahui,2015
Ahahui,2013
Ahahui,2013
Ahahui,2014
Ahahui,2013
Ahahui,2013
Ahahui,2014
Ahahui,2015
Ahahui,2014
Ahahui,2013
Ahahui,2013
Ahahui,2014
Ahahui,2015
Ahahui,2013
Ahahui,2013
Ahahui,2013
Ahahui,2014
Ahahui,2014
Ahahui,2014
Ahahui,2014
Ahahui,2015
Ahahui,2015
Ahahui,2013
Ahahui,2015
Ahahui,2015
Ahahui,2014
Ahahui,2014
Ahahui,2014
Ahahui,2015
Ahahui,2014
Ahahui,2015
Ahahui,2014
Ahahui,2015
Ahahui,2015
Ahahui,2013
Ahahui,2014
Ahahui,2015
Ahahui,2014
Ahahui,2015
Ahahui,2013
Ahahui,2014
Ahahui,2014
Ahahui,2014
Ahahui,2015
Ahahui,2013
Ahahui,2014
Ahahui,2015
Ahahui,2013
Ahahui,2015
Ahahui,2014
Ahahui,2015
Ahahui,2014
Ahahui,2015
Ahahui,2013
Ahahui,2013
Ahahui,2013
Ahahui,2014
Ahahui,2014
Ahahui,2015
Ahahui,2013
Ahahui,2014
Ahahui,2015
Ahahui,2015
Ahahui,2013
Ahahui,2014
Ahahui,2015
Ahahui,2013
Ahahui,2013
Ahahui,2014
Ahahui,2013
Ahahui,2015
Ahahui,2015
Ahahui,2013
Ahahui,2013
Ahahui,2015
Ahahui,2013
Ahahui,2014
Ahahui,2015
BOT Initiative,2015
BOT Initiative,2014
BOT Initiative,2015
Community Grant,2014
Community Grant,2015
Community Grant,2014
Community Grant,2015
Community Grant,2015
Community Grant,2014
Community Grant,2014
Community Grant,2015
Community Grant,2014
Community Grant,2015
Community Grant,2014
Community Grant,2015
Community Grant,2014
Community Grant,2015
BOT Initiative,2014
Community Grant,2014
Community Grant,2015
BOT Initiative,2015
Community Grant,2014
Community Grant,2015
Community Grant,2014
Community Grant,2015
BOT Initiative,2015
BOT Initiative,2015
Ahahui,2015
BOT Initiative,2014
BOT Initiative,2013
BOT Initiative,2015
BOT Initiative,2015
Sponsorship,2015
Sponsorship,2015
Sponsorship,2015
Sponsorship,2015
BOT Initiative,2016
Sponsorship,2016
BOT Initiative,2016
Ahahui,2016
Ahahui,2016
Community Grant,2016
Community Grant,2016
Community Grant,2016
Community Grant,2016
Community Grant,2016
Community Grant,2016
BOT Initiative,2016
Ahahui,2016
Ahahui,2016
Ahahui,2016
Ahahui,2016
Ahahui,2016
Ahahui,2016
Ahahui,2016
Ahahui,2016
Ahahui,2016
Ahahui,2016
Ahahui,2016
Ahahui,2016
Ahahui,2016
Ahahui,2016
Ahahui,2016
Ahahui,2016
Ahahui,2016
Ahahui,2016
Ahahui,2016
Ahahui,2016
Ahahui,2016
Community Grant,2016
Community Grant,2016
Community Grant,2016
Community Grant,2016
BOT Initiative,2016
BOT Initiative,2016
BOT Initiative,2016
Community Grant,2016
Community Grant,2016
Community Grant,2016
Community Grant,2016
Community Grant,2016
Community Grant,2016
BOT Initiative,2016
BOT Initiative,2016
Ahahui,2016
Ahahui,2016
Community Grant,2016
Community Grant,2016
Community Grant,2016
BOT Initiative,2016
Community Grant,2016
Community Grant,2016
Community Grant,2016
Ahahui,2016
Ahahui,2016
Community Grant,2016
Community Grant,2016
Community Grant,2016
Community Grant,2016
Community Grant,2016
BOT Initiative,2016
BOT Initiative,2016
BOT Initiative,2016
Ahahui,2016
Ahahui,2016
Ahahui,2016
Sponsorship,2016
Sponsorship,2016
Sponsorship,2016
Sponsorship,2016
Sponsorship,2016
Sponsorship,2016
Sponsorship,2016
Sponsorship,2016
Sponsorship,2016
Sponsorship,2016
Sponsorship,2016
Sponsorship,2016
Sponsorship,2016
Sponsorship,2016
Sponsorship,2016
Sponsorship,2016
Sponsorship,2016
Sponsorship,2016
Sponsorship,2016
Sponsorship,2016
Sponsorship,2016
Sponsorship,2016
Sponsorship,2016
Sponsorship,2016
Sponsorship,2016
Sponsorship,2016
Sponsorship,2016
Sponsorship,2016
Sponsorship,2016
Sponsorship,2016
Sponsorship,2016
Sponsorship,2016
Sponsorship,2016
Sponsorship,2016
Sponsorship,2016
Sponsorship,2016
Sponsorship,2016
Sponsorship,2016
Sponsorship,2016
Sponsorship,2016
Sponsorship,2016
Sponsorship,2016
Sponsorship,2016
Sponsorship,2016
Sponsorship,2016
Sponsorship,2016
Sponsorship,2016
Sponsorship,2016
Sponsorship,2016
Sponsorship,2016
Sponsorship,2016
Sponsorship,2016
Sponsorship,2016
Sponsorship,2016
Sponsorship,2016
Sponsorship,2016
Sponsorship,2016
Sponsorship,2016
Sponsorship,2016
Sponsorship,2016
